{"cameraMode":{"drawMode":0,"name":"Shaded","section":"Shading Mode"},"sceneLighting":false,"audioPlay":false,"sceneViewState":{"showFog":false,"showMaterialUpdate":false,"showSkybox":false,"showFlares":false,"showImageEffects":false,"showParticleSystems":false},"in2DMode":false,"pivot":{"x":1.335498332977295,"y":3.7982163429260256,"z":2.259707450866699},"rotation":{"x":0.03214124217629433,"y":0.9669772982597351,"z":-0.19853419065475465,"w":0.15654656291007996},"size":6.692760467529297,"orthographic":false}